Location,Latitude,Longitude,Temperature,Weather,Description,Humidity,Pressure,Wind Speed,Timestamp
Abdullapurmet,17.32,78.66,302.42,Clouds,overcast clouds,68,1005,6.01,2024-08-22T09:29:16.758261+00:00
Achampet,16.45,78.81,301.03,Rain,moderate rain,68,1005,4.92,2024-08-22T09:29:17.128608+00:00
Adavidevulapally,16.67,79.49,305.66,Rain,heavy intensity rain,58,1004,3.77,2024-08-22T09:29:17.272930+00:00
Addagudur,17.4,79.37,302.43,Clouds,overcast clouds,73,1004,3.17,2024-08-22T09:29:17.422925+00:00
Addakal,16.52,77.93,301.42,Clouds,overcast clouds,74,1006,4.69,2024-08-22T09:29:17.503538+00:00
Adilabad Rural,19.62,78.61,304.28,Rain,heavy intensity rain,68,1004,2.43,2024-08-22T09:29:17.584311+00:00
Adilabad Urban,19.67,78.54,304.61,Rain,heavy intensity rain,67,1004,2.19,2024-08-22T09:29:17.677722+00:00
Aiza,15.98,77.64,303.69,Clouds,overcast clouds,59,1005,6.77,2024-08-22T09:29:17.789483+00:00
Akkannapet,18.05,79.19,302.36,Rain,light rain,72,1004,4.14,2024-08-22T09:29:17.870487+00:00
Alair,17.65,79.08,302.49,Clouds,overcast clouds,71,1005,3.82,2024-08-22T09:29:17.956152+00:00
Alampur,15.92,78.13,304.08,Clouds,overcast clouds,58,1005,6.85,2024-08-22T09:29:18.123068+00:00
Alladurg,17.95,77.95,302.6,Clouds,overcast clouds,67,1004,4.75,2024-08-22T09:29:18.206434+00:00
Allapalli,17.91,80.52,301.61,Clouds,overcast clouds,85,1005,2.43,2024-08-22T09:29:18.290509+00:00
Alwal,17.52,78.52,301.77,Haze,haze,70,1005,5.14,2024-08-22T09:29:18.357962+00:00
Amangal,16.86,78.56,301.81,Rain,light rain,71,1006,5.99,2024-08-22T09:29:18.767054+00:00
Amarchintha,16.38,77.73,302.21,Clouds,overcast clouds,70,1005,5.73,2024-08-22T09:29:18.862245+00:00
Amberpet,17.39,78.51,302.45,Haze,haze,70,1005,5.66,2024-08-22T09:29:18.948265+00:00
Ammerpet,17.44,78.45,302.13,Haze,haze,70,1005,5.14,2024-08-22T09:29:19.044072+00:00
Amrabad,16.22,78.78,299.93,Clouds,overcast clouds,69,1006,4.42,2024-08-22T09:29:19.125912+00:00
Ananthagiri,17.06,79.98,301.88,Rain,light rain,79,1005,1.69,2024-08-22T09:29:19.214681+00:00
Andole,17.83,78.04,302.29,Clouds,overcast clouds,69,1005,5.14,2024-08-22T09:29:19.329064+00:00
Annapureddipalle,17.36,80.75,303.39,Rain,light rain,73,1004,4.12,2024-08-22T09:29:19.422939+00:00
Anumula_Haliya,16.82,79.29,305.04,Rain,moderate rain,60,1004,5.34,2024-08-22T09:29:19.495945+00:00
Armoor,18.83,78.26,304.11,Clouds,broken clouds,67,1004,3.08,2024-08-22T09:29:19.654641+00:00
Asifabad,19.35,79.25,304.64,Clouds,overcast clouds,67,1004,1.9,2024-08-22T09:29:19.727011+00:00
Asifnagar,17.39,78.45,302.25,Haze,haze,70,1005,5.66,2024-08-22T09:29:19.831938+00:00
Aswapuram,17.82,80.79,303.02,Rain,light rain,81,1004,2.89,2024-08-22T09:29:19.896449+00:00
Aswaraopeta,17.36,81.13,302.2,Rain,moderate rain,80,1005,4.87,2024-08-22T09:29:20.049203+00:00
Athmakur (M),17.47,79.17,302.84,Clouds,overcast clouds,69,1004,4.01,2024-08-22T09:29:20.150692+00:00
Atmakur,16.3,77.83,302.53,Clouds,overcast clouds,68,1005,5.93,2024-08-22T09:29:20.299401+00:00
Atmakur,18.06,79.74,301.34,Rain,heavy intensity rain,81,1005,3.67,2024-08-22T09:29:20.368147+00:00
Atmakur_S,17.26,79.7,301.55,Rain,moderate rain,81,1004,1.4,2024-08-22T09:29:20.459496+00:00
B.Pochampally,17.35,78.81,303.07,Clouds,overcast clouds,67,1005,5.52,2024-08-22T09:29:20.810358+00:00
Bachannapet,17.81,79.01,302,Clouds,overcast clouds,71,1005,3.93,2024-08-22T09:29:20.882142+00:00
Bachupally,17.53,78.37,301.78,Haze,haze,70,1005,5.14,2024-08-22T09:29:20.961725+00:00
Bahadurpura,17.35,78.46,302.32,Haze,haze,70,1005,5.66,2024-08-22T09:29:21.319177+00:00
Balanagar,16.94,78.2,301.44,Clouds,overcast clouds,76,1006,5.24,2024-08-22T09:29:21.386336+00:00
Balanagar,17.47,78.46,302.12,Haze,haze,70,1005,5.14,2024-08-22T09:29:21.448639+00:00
Balapur,17.28,78.5,301.44,Mist,mist,78,1005,5.66,2024-08-22T09:29:21.552210+00:00
Balkonda,18.89,78.33,304.04,Clouds,broken clouds,68,1004,3.2,2024-08-22T09:29:21.691295+00:00
Balmoor,16.34,78.58,301.59,Clouds,overcast clouds,71,1006,4.61,2024-08-22T09:29:21.783718+00:00
Bandlaguda,17.33,78.48,301.73,Mist,mist,78,1005,5.66,2024-08-22T09:29:21.885912+00:00
Banswada,18.39,77.92,303.93,Clouds,broken clouds,68,1004,3.5,2024-08-22T09:29:22.019615+00:00
Bantwaram,17.44,77.69,300.91,Clouds,overcast clouds,72,1005,5.65,2024-08-22T09:29:22.083863+00:00
Basar,18.9,77.95,305.03,Clouds,broken clouds,62,1003,3.39,2024-08-22T09:29:22.441741+00:00
Basheerabad,17.19,77.45,301.91,Rain,moderate rain,70,1005,4.95,2024-08-22T09:29:22.507994+00:00
Bayyaram,17.65,80.15,300.06,Rain,light rain,88,1005,2.54,2024-08-22T09:29:22.571945+00:00
Bazarhathnoor,19.49,78.37,303.09,Rain,moderate rain,70,1004,2.88,2024-08-22T09:29:22.644195+00:00
Beerpur,19.03,78.97,304.92,Clouds,broken clouds,67,1004,2.84,2024-08-22T09:29:22.714926+00:00
Bejjanki,18.26,79.03,303.92,Clouds,overcast clouds,67,1004,4.75,2024-08-22T09:29:22.849202+00:00
Bejjur,19.36,79.85,304.14,Clouds,overcast clouds,75,1004,1.71,2024-08-22T09:29:22.916296+00:00
Bela,19.69,78.77,304.73,Rain,very heavy rain,67,1004,2.47,2024-08-22T09:29:23.011980+00:00
Bellampalle,19.07,79.51,304.5,Clouds,overcast clouds,67,1004,2.49,2024-08-22T09:29:23.376942+00:00
Bhadrachalam,17.66,80.89,303.38,Rain,light rain,79,1004,3.41,2024-08-22T09:29:23.447284+00:00
Bhainsa,19.11,77.98,304.19,Rain,heavy intensity rain,65,1004,3.45,2024-08-22T09:29:23.626380+00:00
Bheemadevarapalli,18.08,79.33,302.39,Rain,heavy intensity rain,74,1004,4,2024-08-22T09:29:23.759897+00:00
Bheemaram,18.86,79.66,304.3,Clouds,overcast clouds,70,1004,3.03,2024-08-22T09:29:23.834509+00:00
Bheemgal,18.68,78.48,303.53,Clouds,overcast clouds,71,1004,3.04,2024-08-22T09:29:23.918508+00:00
Bheemini,19.22,79.59,304.48,Clouds,overcast clouds,69,1004,1.99,2024-08-22T09:29:23.990295+00:00
Bheempoor,19.81,78.39,304.83,Rain,heavy intensity rain,66,1003,1.75,2024-08-22T09:29:24.061295+00:00
Bhiknoor,18.19,78.41,302.41,Clouds,overcast clouds,69,1004,4.71,2024-08-22T09:29:24.170396+00:00
Bhongiri,17.5,78.92,302.96,Clouds,overcast clouds,67,1005,4.56,2024-08-22T09:29:24.351583+00:00
Bhoothpur,16.67,78.07,300.63,Clouds,overcast clouds,75,1006,4.48,2024-08-22T09:29:24.413978+00:00
Bhupalpally,18.43,79.94,302.8,Rain,moderate rain,78,1004,3.47,2024-08-22T09:29:24.503137+00:00
Bibinagar,17.46,78.8,302.84,Clouds,overcast clouds,67,1005,5.08,2024-08-22T09:29:24.665973+00:00
Bibipet,18.22,78.52,303.13,Clouds,overcast clouds,67,1004,5.1,2024-08-22T09:29:24.775145+00:00
Bijinapalle,16.53,78.19,300.83,Clouds,overcast clouds,72,1006,4.68,2024-08-22T09:29:24.864892+00:00
Boath,19.36,78.28,303.01,Rain,light rain,70,1004,3.5,2024-08-22T09:29:24.937796+00:00
Bodhan,18.69,77.86,305.01,Clouds,broken clouds,63,1003,3.51,2024-08-22T09:29:25.015073+00:00
Boinpalli,18.48,78.94,304.04,Clouds,overcast clouds,67,1004,3.98,2024-08-22T09:29:25.087425+00:00
Bommalaramaram,17.58,78.75,302.42,Clouds,overcast clouds,67,1005,4.8,2024-08-22T09:29:25.293462+00:00
Bommaraspeta,17.13,77.71,300.94,Rain,light rain,73,1006,5.18,2024-08-22T09:29:25.415538+00:00
Bonakal,17.04,80.29,302.42,Rain,light rain,77,1005,3.24,2024-08-22T09:29:25.512510+00:00
Buggaram,18.87,79.07,304.66,Clouds,broken clouds,68,1004,3.2,2024-08-22T09:29:25.895982+00:00
Burgampadu,17.68,80.82,303.39,Rain,light rain,79,1004,3.18,2024-08-22T09:29:25.981380+00:00
Chandampet,16.5,79.03,302.49,Rain,moderate rain,65,1005,5.29,2024-08-22T09:29:26.079545+00:00
Chandrugonda,17.39,80.62,303.45,Rain,light rain,74,1004,3.74,2024-08-22T09:29:26.249873+00:00
Chandur,17.0,79.01,304.06,Clouds,overcast clouds,61,1005,5.92,2024-08-22T09:29:26.340111+00:00
Charakonda,16.7,78.68,302.28,Rain,moderate rain,68,1005,5.77,2024-08-22T09:29:26.404722+00:00
Charminar,17.36,78.49,302.36,Haze,haze,70,1005,5.66,2024-08-22T09:29:26.468195+00:00
Chendurthi,18.57,78.75,303.47,Clouds,overcast clouds,69,1004,3.51,2024-08-22T09:29:26.641953+00:00
Chennaraopet,17.85,79.86,300.23,Rain,light rain,86,1005,3.36,2024-08-22T09:29:26.720819+00:00
Chennur,18.82,79.76,304.38,Clouds,overcast clouds,71,1004,3.15,2024-08-22T09:29:26.901047+00:00
Cherial,17.93,78.97,302.2,Clouds,overcast clouds,71,1005,4.37,2024-08-22T09:29:26.975115+00:00
Cherla,18.08,80.87,302.72,Clouds,overcast clouds,82,1005,2.73,2024-08-22T09:29:27.139092+00:00
Chevella,17.32,78.12,300.85,Clouds,overcast clouds,75,1006,5.69,2024-08-22T09:29:27.201732+00:00
Chigurumamidi,18.22,79.19,303.56,Rain,light rain,68,1004,4.63,2024-08-22T09:29:27.302613+00:00
Chilkur,16.97,79.87,302.25,Rain,moderate rain,78,1004,1.26,2024-08-22T09:29:27.422233+00:00
Chilpur,17.92,79.31,301.61,Rain,light rain,76,1005,3.51,2024-08-22T09:29:27.486779+00:00
Chinna Chinta Kunta,16.49,77.8,301.62,Clouds,overcast clouds,73,1005,5.03,2024-08-22T09:29:27.552018+00:00
Chinnagudur,17.5,79.89,300.11,Rain,light rain,87,1005,2.07,2024-08-22T09:29:27.623491+00:00
Chinnakodur,18.18,78.92,302.99,Clouds,overcast clouds,67,1004,4.88,2024-08-22T09:29:27.764026+00:00
Chinnambavi,16.02,78.16,303.78,Clouds,overcast clouds,60,1005,6.82,2024-08-22T09:29:27.841647+00:00
Chintakani,17.13,80.21,302.69,Rain,light rain,76,1005,3.22,2024-08-22T09:29:27.956061+00:00
Chintalamanepally,19.45,79.84,304.31,Rain,light rain,73,1004,1.79,2024-08-22T09:29:28.098334+00:00
Chinthala palem,16.73,79.98,303.01,Rain,heavy intensity rain,74,1004,2.14,2024-08-22T09:29:28.156419+00:00
Chinthapally,16.85,78.81,302.63,Clouds,overcast clouds,66,1005,6.25,2024-08-22T09:29:28.327644+00:00
Chityal,18.39,79.71,303.62,Rain,light rain,71,1004,4.13,2024-08-22T09:29:28.450425+00:00
Chityal,17.21,79.07,303.55,Clouds,overcast clouds,64,1005,5.14,2024-08-22T09:29:28.545247+00:00
Chivvemla,17.14,79.69,302.14,Rain,moderate rain,78,1004,1.45,2024-08-22T09:29:28.718386+00:00
Choppadandi,18.58,79.16,303.95,Clouds,overcast clouds,67,1004,4.08,2024-08-22T09:29:28.805215+00:00
Choutuppal,17.27,78.89,302.6,Clouds,overcast clouds,66,1005,5.6,2024-08-22T09:29:28.876735+00:00
Chowdergudem,17.06,77.99,299.9,Clouds,overcast clouds,76,1006,5.43,2024-08-22T09:29:29.273105+00:00
Chunchupally,17.48,80.68,303.42,Rain,light rain,74,1004,3.6,2024-08-22T09:29:29.336351+00:00
Dahegaon,19.23,79.75,304.08,Clouds,overcast clouds,74,1004,1.99,2024-08-22T09:29:29.459554+00:00
Damaracherla,16.73,79.61,305.27,Rain,heavy intensity rain,60,1004,3.5,2024-08-22T09:29:29.531054+00:00
Damargidda,16.86,77.52,300.29,Rain,light rain,74,1006,5.18,2024-08-22T09:29:29.682160+00:00
Damera,18.08,79.65,301.66,Rain,heavy intensity rain,79,1004,3.76,2024-08-22T09:29:29.751847+00:00
Dammapeta,17.33,80.97,301.88,Rain,moderate rain,78,1005,4.73,2024-08-22T09:29:29.839931+00:00
Dandepalle,19.0,79.16,304.92,Clouds,overcast clouds,66,1004,2.97,2024-08-22T09:29:29.900872+00:00
Danthalapalle,17.48,79.73,300.35,Rain,light rain,86,1005,1.12,2024-08-22T09:29:29.970241+00:00
Dasturabad,19.08,78.89,304.74,Clouds,overcast clouds,68,1004,2.83,2024-08-22T09:29:30.095653+00:00
Devarakonda,16.69,78.86,303.12,Rain,moderate rain,65,1005,5.99,2024-08-22T09:29:30.164492+00:00
Devarkadra,16.61,77.84,301.19,Clouds,overcast clouds,75,1006,4.67,2024-08-22T09:29:30.538300+00:00
Devaruppula,17.59,79.32,302.07,Rain,light rain,75,1005,3.2,2024-08-22T09:29:30.603544+00:00
Dhanwada,16.67,77.69,300.49,Rain,light rain,74,1006,4.9,2024-08-22T09:29:30.671136+00:00
Dharmapuri,18.96,79.06,304.89,Clouds,broken clouds,67,1004,2.98,2024-08-22T09:29:30.734195+00:00
Dharmaram,18.7,79.22,304.34,Clouds,overcast clouds,67,1004,3.88,2024-08-22T09:29:30.803262+00:00
Dharmasagar,17.97,79.42,301.29,Rain,moderate rain,79,1005,3.45,2024-08-22T09:29:30.917201+00:00
Dharoor,16.28,77.67,302.52,Clouds,overcast clouds,66,1005,6.35,2024-08-22T09:29:31.015008+00:00
Dharoor,17.3,77.78,301.16,Clouds,overcast clouds,73,1005,5.41,2024-08-22T09:29:31.074553+00:00
Dharpally,18.58,78.36,303.59,Clouds,overcast clouds,69,1004,3.67,2024-08-22T09:29:31.198664+00:00
Dichpally,18.62,78.23,303.78,Clouds,broken clouds,68,1004,3.75,2024-08-22T09:29:31.264694+00:00
Dilawarpur,19.06,78.25,304.17,Clouds,broken clouds,68,1004,3.61,2024-08-22T09:29:31.409639+00:00
Doma,17.08,77.83,300.55,Clouds,overcast clouds,74,1006,5.26,2024-08-22T09:29:31.469661+00:00
Dornakal,17.41,80.09,301.46,Rain,moderate rain,81,1005,3.05,2024-08-22T09:29:31.531802+00:00
Doulthabad,16.99,77.56,300.34,Rain,moderate rain,74,1006,4.98,2024-08-22T09:29:31.739851+00:00
Dubbak,18.18,78.65,303.01,Clouds,overcast clouds,66,1004,5.2,2024-08-22T09:29:31.800864+00:00
Duggondi,18.0,79.81,300.76,Rain,heavy intensity rain,84,1005,3.55,2024-08-22T09:29:31.850809+00:00
Dummugudem,17.83,80.96,302.85,Rain,light rain,82,1004,3.08,2024-08-22T09:29:32.004561+00:00
Dundigal Gandimaisamma,17.58,78.42,301.61,Haze,haze,70,1005,5.14,2024-08-22T09:29:32.067714+00:00
Eligaid,18.56,79.27,304.05,Clouds,overcast clouds,67,1004,4.3,2024-08-22T09:29:32.144554+00:00
Elkathurthi,18.11,79.45,302.56,Rain,heavy intensity rain,75,1004,3.98,2024-08-22T09:29:32.233116+00:00
Ellandakunta,18.3,79.54,303.99,Rain,moderate rain,69,1004,4.43,2024-08-22T09:29:32.414877+00:00
Enkoor,17.35,80.41,303.23,Rain,light rain,75,1005,3.6,2024-08-22T09:29:32.481806+00:00
Eturnagaram,18.34,80.39,302.83,Clouds,overcast clouds,83,1004,3.09,2024-08-22T09:29:32.557247+00:00
Farooqnagar,17.04,78.19,300.95,Clouds,overcast clouds,76,1006,5.49,2024-08-22T09:29:32.643584+00:00
Gadiguda,19.61,78.87,302.64,Rain,light rain,68,1004,2.66,2024-08-22T09:29:33.000727+00:00
Gadwal,16.21,77.81,302.87,Clouds,overcast clouds,65,1005,6.3,2024-08-22T09:29:33.064280+00:00
Gajwel,17.87,78.69,302.32,Clouds,overcast clouds,67,1005,4.81,2024-08-22T09:29:33.147395+00:00
Gambhiraopet,18.32,78.58,303.51,Clouds,overcast clouds,67,1004,4.68,2024-08-22T09:29:33.252689+00:00
Gandeed,16.92,77.83,300.44,Clouds,overcast clouds,75,1006,4.96,2024-08-22T09:29:33.320139+00:00
Gandhari,18.4,78.07,302.57,Clouds,broken clouds,70,1004,3.74,2024-08-22T09:29:33.386797+00:00
Gandipet,17.38,78.34,302.25,Haze,haze,70,1005,5.66,2024-08-22T09:29:33.451881+00:00
Gangadhara,18.57,79.0,303.76,Clouds,overcast clouds,67,1004,3.8,2024-08-22T09:29:33.661846+00:00
Gangaram,17.86,80.21,299.85,Rain,light rain,88,1005,2.37,2024-08-22T09:29:34.168653+00:00
Ganneruvaram,18.36,79.08,304.02,Clouds,overcast clouds,67,1004,4.48,2024-08-22T09:29:34.232335+00:00
Garidepalli,16.91,79.76,303.48,Rain,moderate rain,72,1004,1.58,2024-08-22T09:29:34.383912+00:00
Garla,17.51,80.16,300.86,Rain,moderate rain,85,1005,2.83,2024-08-22T09:29:34.471340+00:00
Geesugonda,17.97,79.7,300.6,Rain,heavy intensity rain,84,1005,3.4,2024-08-22T09:29:34.537383+00:00
Ghanapur_Mulug,18.34,79.87,303.29,Rain,moderate rain,75,1004,3.93,2024-08-22T09:29:34.611412+00:00
Ghanpur,16.55,78.05,301.01,Clouds,overcast clouds,74,1006,4.56,2024-08-22T09:29:34.696753+00:00
Ghanpur (Stn),17.82,79.35,301.34,Clouds,overcast clouds,78,1005,3.13,2024-08-22T09:29:34.755795+00:00
Ghatkesar,17.43,78.69,302.65,Clouds,overcast clouds,67,1005,5.45,2024-08-22T09:29:34.812936+00:00
Ghattu,16.09,77.57,303.07,Clouds,overcast clouds,61,1005,6.74,2024-08-22T09:29:34.951072+00:00
Golkonda,17.38,78.41,302.27,Haze,haze,70,1005,5.66,2024-08-22T09:29:35.113153+00:00
Gollapalli,18.79,79.07,304.43,Clouds,overcast clouds,68,1004,3.4,2024-08-22T09:29:35.205179+00:00
Gopalpet,16.4,78.15,301.45,Clouds,overcast clouds,71,1006,4.97,2024-08-22T09:29:35.298567+00:00
Govindaraopet,18.21,80.14,302.76,Rain,light rain,81,1004,3.32,2024-08-22T09:29:35.442109+00:00
Gudihathnur,19.52,78.51,303.06,Rain,light rain,69,1004,2.58,2024-08-22T09:29:35.500999+00:00
Gudur,17.77,80.01,299.82,Clouds,overcast clouds,89,1005,3.03,2024-08-22T09:29:35.608164+00:00
Gummadidala,17.69,78.37,301.52,Clouds,overcast clouds,70,1005,5.13,2024-08-22T09:29:35.707819+00:00
Gundala,17.89,80.36,301.19,Rain,light rain,86,1005,2.28,2024-08-22T09:29:35.853659+00:00
Gundala,17.53,79.27,302.48,Clouds,overcast clouds,72,1004,3.58,2024-08-22T09:29:35.970123+00:00
Gundlapally,16.6,78.76,302.43,Rain,moderate rain,68,1005,5.41,2024-08-22T09:29:36.034370+00:00
Gurrampode,16.85,79.1,304.34,Rain,light rain,61,1005,5.96,2024-08-22T09:29:36.141149+00:00
Hajipur,18.91,79.34,304.53,Clouds,overcast clouds,67,1004,3.16,2024-08-22T09:29:36.249275+00:00
Hanamkonda,18.01,79.56,301.1,Rain,heavy intensity rain,81,1005,3.48,2024-08-22T09:29:36.313603+00:00
Hanwada,16.82,77.89,300.13,Clouds,overcast clouds,76,1006,4.62,2024-08-22T09:29:36.426345+00:00
Hasanparthy,18.07,79.54,301.87,Rain,heavy intensity rain,78,1004,3.75,2024-08-22T09:29:36.527446+00:00
Hathnoora,17.71,78.19,302.32,Clouds,overcast clouds,72,1005,5.15,2024-08-22T09:29:36.678936+00:00
Havelighanpur,18.12,78.24,302.21,Clouds,overcast clouds,73,1005,4.19,2024-08-22T09:29:36.755186+00:00
Hayathnagar,17.33,78.58,302.18,Haze,haze,70,1005,5.66,2024-08-22T09:29:36.842102+00:00
Himayatnagar,17.4,78.49,302.38,Haze,haze,70,1005,5.66,2024-08-22T09:29:36.943574+00:00
Husnabad,18.13,79.22,302.83,Rain,moderate rain,71,1004,4.33,2024-08-22T09:29:37.032642+00:00
Huzur nagar,16.88,79.85,303.08,Rain,moderate rain,74,1004,1.75,2024-08-22T09:29:37.097609+00:00
Huzurabad,18.22,79.42,303.64,Rain,heavy intensity rain,69,1004,4.47,2024-08-22T09:29:37.163385+00:00
Ibrahimpatnam,18.92,78.58,303.9,Clouds,broken clouds,70,1004,3.17,2024-08-22T09:29:37.226869+00:00
Ibrahimpatnam,17.2,78.65,301.64,Clouds,overcast clouds,70,1005,6.32,2024-08-22T09:29:37.332465+00:00
Ichoda,19.38,78.49,302.99,Clouds,broken clouds,70,1004,2.84,2024-08-22T09:29:37.450095+00:00
Illanthakunta,18.32,78.93,304.01,Clouds,overcast clouds,66,1004,4.63,2024-08-22T09:29:37.515696+00:00
Inavolu,17.86,79.55,300.61,Rain,light rain,83,1005,3.07,2024-08-22T09:29:37.592815+00:00
Indalwai,18.52,78.27,303.65,Clouds,broken clouds,68,1004,4.34,2024-08-22T09:29:37.677816+00:00
Inderavelly,19.49,78.65,303,Clouds,overcast clouds,70,1004,2.83,2024-08-22T09:29:38.175146+00:00
Itikyal,16.08,77.87,303.42,Clouds,overcast clouds,62,1005,6.57,2024-08-22T09:29:38.399553+00:00
Jadcherla,16.79,78.17,300.1,Clouds,overcast clouds,75,1006,4.79,2024-08-22T09:29:38.470266+00:00
Jagdevpur,17.8,78.81,301.99,Clouds,overcast clouds,68,1005,4.31,2024-08-22T09:29:38.582510+00:00
Jagityal_Rural,18.82,78.94,304.11,Clouds,overcast clouds,69,1004,3.18,2024-08-22T09:29:38.669868+00:00
Jagtial,18.79,78.91,303.86,Clouds,overcast clouds,70,1004,3.21,2024-08-22T09:29:38.737632+00:00
Jainad,19.74,78.62,304.89,Rain,heavy intensity rain,66,1003,2.13,2024-08-22T09:29:38.813531+00:00
Jainoor,19.42,78.92,302.81,Clouds,overcast clouds,70,1004,2.81,2024-08-22T09:29:38.892364+00:00
Jaipur,18.8,79.61,304.53,Clouds,overcast clouds,69,1004,3.24,2024-08-22T09:29:38.960764+00:00
Jajireddigudem,17.32,79.55,301.74,Clouds,overcast clouds,78,1004,2.26,2024-08-22T09:29:39.028885+00:00
Jakranpally,18.71,78.28,303.92,Clouds,broken clouds,68,1004,3.16,2024-08-22T09:29:39.096341+00:00
Jammikunta,18.33,79.49,304.11,Rain,light rain,68,1004,4.4,2024-08-22T09:29:39.157959+00:00
Jangoan,17.76,79.13,301.94,Clouds,overcast clouds,73,1005,3.55,2024-08-22T09:29:39.286871+00:00
Jannaram,19.14,79.0,304.91,Clouds,overcast clouds,68,1004,2.82,2024-08-22T09:29:39.470282+00:00
Jharasangam,17.75,77.71,302.52,Clouds,overcast clouds,64,1005,6.18,2024-08-22T09:29:39.554817+00:00
Jukkal,18.36,77.61,304.96,Clouds,broken clouds,60,1004,3.89,2024-08-22T09:29:39.618897+00:00
Julapalli,18.63,79.26,304.13,Clouds,overcast clouds,67,1004,4.12,2024-08-22T09:29:39.712630+00:00
Julurupad,17.42,80.5,303.26,Rain,light rain,75,1004,3.56,2024-08-22T09:29:40.076062+00:00
Kaddampeddur,19.17,78.8,303.93,Clouds,overcast clouds,69,1004,2.66,2024-08-22T09:29:40.170413+00:00
Kadthal,16.95,78.53,301.1,Clouds,overcast clouds,73,1006,6.02,2024-08-22T09:29:40.256710+00:00
Kagaznagar,19.38,79.52,304.53,Clouds,overcast clouds,68,1004,1.77,2024-08-22T09:29:40.325406+00:00
Kalher,18.15,77.85,303.88,Clouds,broken clouds,65,1004,4.03,2024-08-22T09:29:40.460014+00:00
Kalluru,17.21,80.54,303.6,Rain,light rain,73,1004,3.98,2024-08-22T09:29:40.526880+00:00
Kaloor_Thimmandoddi,16.22,77.55,302.56,Clouds,overcast clouds,64,1005,6.7,2024-08-22T09:29:40.590001+00:00
Kalwakurthy,16.63,78.47,301.18,Clouds,overcast clouds,71,1006,5.18,2024-08-22T09:29:40.652789+00:00
Kamalapur,18.19,79.54,303.25,Rain,heavy intensity rain,72,1004,4.28,2024-08-22T09:29:40.770643+00:00
Kamanpur,18.66,79.5,304.54,Clouds,overcast clouds,67,1004,3.63,2024-08-22T09:29:40.835862+00:00
Kamareddy,18.32,78.35,302.65,Clouds,overcast clouds,70,1004,4.28,2024-08-22T09:29:40.949587+00:00
Kamepally,17.42,80.26,301.98,Rain,moderate rain,80,1005,3.14,2024-08-22T09:29:41.028928+00:00
Kanagal,16.96,79.21,304.57,Rain,light rain,61,1004,5.02,2024-08-22T09:29:41.127054+00:00
Kandi,17.56,78.14,302.1,Clouds,overcast clouds,74,1005,5.38,2024-08-22T09:29:41.336591+00:00
Kandukur,17.07,78.5,301,Mist,mist,78,1006,5.66,2024-08-22T09:29:41.443516+00:00
Kangti,18.22,77.65,304.02,Clouds,broken clouds,61,1004,4.11,2024-08-22T09:29:41.541471+00:00
Kannaigudem,18.49,80.31,302.81,Rain,light rain,83,1004,2.94,2024-08-22T09:29:41.745704+00:00
Kannepalli,19.15,79.66,304.34,Clouds,overcast clouds,71,1004,2.18,2024-08-22T09:29:41.853364+00:00
Kapra,17.49,78.58,302.14,Haze,haze,70,1005,5.14,2024-08-22T09:29:42.222023+00:00
Karakagudem,18.04,80.56,302.34,Clouds,overcast clouds,85,1005,2.63,2024-08-22T09:29:42.291321+00:00
Karimnagar,18.43,79.12,304.13,Clouds,overcast clouds,67,1004,4.36,2024-08-22T09:29:42.667106+00:00
Karimnagar_Rural,18.48,79.17,304.15,Clouds,overcast clouds,67,1004,4.36,2024-08-22T09:29:42.733000+00:00
Kasipet,19.06,79.34,304.38,Clouds,overcast clouds,66,1004,2.66,2024-08-22T09:29:42.798018+00:00
Kataram,18.65,79.91,303.29,Rain,light rain,77,1004,3.33,2024-08-22T09:29:42.923861+00:00
Kathlapur,18.71,78.69,303.31,Rain,light rain,71,1004,3.1,2024-08-22T09:29:42.992122+00:00
Kattangur,17.19,79.31,303.56,Rain,light rain,66,1004,4.13,2024-08-22T09:29:43.090184+00:00
Keesara,17.52,78.65,302.12,Clouds,overcast clouds,66,1005,5.15,2024-08-22T09:29:43.173964+00:00
Kerameri,19.46,79.09,304.27,Clouds,overcast clouds,69,1004,2.44,2024-08-22T09:29:43.416860+00:00
Kesamudram,17.68,79.89,299.76,Clouds,overcast clouds,88,1005,2.76,2024-08-22T09:29:43.489072+00:00
Keshampeta,16.96,78.33,301.29,Clouds,overcast clouds,75,1006,5.52,2024-08-22T09:29:43.593775+00:00
Kethepally,17.15,79.51,302.86,Rain,light rain,73,1004,2.93,2024-08-22T09:29:43.802996+00:00
Khaazipet,17.96,79.5,300.92,Rain,moderate rain,81,1005,3.3,2024-08-22T09:29:43.909657+00:00
Khairatabad,17.43,78.45,302.12,Haze,haze,70,1005,5.14,2024-08-22T09:29:44.300579+00:00
Khammam_Rural,17.28,80.1,302.73,Rain,moderate rain,75,1005,3.26,2024-08-22T09:29:44.365553+00:00
Khammam_Urban,17.25,80.17,303.14,Rain,moderate rain,73,1004,3.49,2024-08-22T09:29:44.425134+00:00
Khanapur,19.1,78.64,304.04,Clouds,broken clouds,70,1004,2.99,2024-08-22T09:29:44.500147+00:00
Khanapur,17.92,79.95,300.65,Rain,light rain,85,1005,3.57,2024-08-22T09:29:44.871148+00:00
Khila Warangal,17.93,79.61,300.54,Rain,moderate rain,83,1005,3.28,2024-08-22T09:29:44.944319+00:00
Kodad,16.95,79.98,301.97,Rain,light rain,80,1004,1.48,2024-08-22T09:29:45.121870+00:00
Kodair,16.25,78.25,301.86,Clouds,overcast clouds,69,1005,5.2,2024-08-22T09:29:45.188667+00:00
Kodangal,17.1,77.57,300.85,Rain,moderate rain,72,1006,5.04,2024-08-22T09:29:45.250151+00:00
Kodimial,18.63,78.89,303.19,Clouds,overcast clouds,69,1004,3.51,2024-08-22T09:29:45.609026+00:00
Koheda,18.16,79.08,303.47,Clouds,overcast clouds,69,1004,4.59,2024-08-22T09:29:45.682987+00:00
Kohir,17.6,77.7,301.32,Clouds,overcast clouds,69,1005,5.94,2024-08-22T09:29:45.748143+00:00
Koilkonda,16.78,77.79,300.85,Clouds,overcast clouds,76,1006,4.57,2024-08-22T09:29:45.885918+00:00
Kollapur,16.12,78.43,303.12,Clouds,overcast clouds,66,1005,5.42,2024-08-22T09:29:45.947541+00:00
Komuravelli,17.92,78.89,302.16,Clouds,overcast clouds,69,1005,4.53,2024-08-22T09:29:46.049179+00:00
Konaraopet,18.49,78.71,303.67,Clouds,overcast clouds,68,1004,3.71,2024-08-22T09:29:46.127932+00:00
Kondamallapally,16.7,78.99,303.95,Rain,moderate rain,62,1005,6.25,2024-08-22T09:29:46.475001+00:00
Kondapak,17.97,78.84,302.37,Clouds,overcast clouds,68,1005,4.82,2024-08-22T09:29:46.554446+00:00
Kondapur,17.54,78.02,302.08,Clouds,overcast clouds,76,1005,5.46,2024-08-22T09:29:46.619451+00:00
Kondurg,17.1,78.05,300.86,Clouds,overcast clouds,76,1006,5.51,2024-08-22T09:29:46.684245+00:00
Konijerla,17.24,80.31,303.46,Rain,light rain,73,1004,3.77,2024-08-22T09:29:46.786758+00:00
Korutla,18.84,78.73,303.8,Rain,light rain,71,1004,3.05,2024-08-22T09:29:46.903550+00:00
Kosgi,16.97,77.7,300.79,Rain,light rain,74,1006,5.04,2024-08-22T09:29:46.974062+00:00
Kotagiri,18.58,77.79,304.87,Clouds,broken clouds,64,1003,3.43,2024-08-22T09:29:47.117512+00:00
Kotepally,17.41,77.77,300.95,Clouds,overcast clouds,73,1005,5.6,2024-08-22T09:29:47.207501+00:00
Kothaguda,17.95,80.09,300.69,Rain,light rain,85,1005,3.26,2024-08-22T09:29:47.287992+00:00
Kothagudem,17.53,80.63,303.48,Rain,light rain,76,1004,3.33,2024-08-22T09:29:47.363679+00:00
Kothakota,16.34,77.94,302.13,Clouds,overcast clouds,70,1005,5.5,2024-08-22T09:29:47.431033+00:00
Kothapally,18.45,79.05,304.18,Clouds,overcast clouds,67,1004,4.21,2024-08-22T09:29:47.495759+00:00
Kothur,17.13,78.29,301.23,Mist,mist,78,1006,5.66,2024-08-22T09:29:47.608773+00:00
Kouthala,19.54,79.73,304.44,Clouds,overcast clouds,71,1003,2.11,2024-08-22T09:29:47.685090+00:00
Kowdipally,17.87,78.21,301.65,Clouds,overcast clouds,72,1005,4.75,2024-08-22T09:29:47.798940+00:00
Kubeer,19.24,77.94,303.33,Rain,heavy intensity rain,69,1004,3.61,2024-08-22T09:29:47.864896+00:00
Kukatpally,17.48,78.41,302.02,Haze,haze,70,1005,5.14,2024-08-22T09:29:48.021879+00:00
Kulcharam,17.95,78.18,302.13,Clouds,overcast clouds,71,1005,4.58,2024-08-22T09:29:48.098800+00:00
Kulkacharla,17.0,77.9,300.16,Clouds,overcast clouds,75,1006,5.28,2024-08-22T09:29:48.294458+00:00
Kuntala,19.18,78.09,303.74,Rain,moderate rain,68,1004,3.64,2024-08-22T09:29:48.359535+00:00
Kuravi,17.49,80.01,300.09,Rain,light rain,86,1005,3.05,2024-08-22T09:29:48.430071+00:00
Kusumanchi,17.22,79.95,302.31,Rain,light rain,76,1005,2.55,2024-08-22T09:29:48.565588+00:00
Laxmanchanda,19.03,78.46,303.96,Clouds,broken clouds,70,1004,3.39,2024-08-22T09:29:48.645207+00:00
Laxmidevipally,17.68,80.6,302.55,Rain,light rain,80,1005,2.75,2024-08-22T09:29:48.723955+00:00
Lingalaghanpur,17.66,79.21,302.34,Rain,light rain,73,1005,3.54,2024-08-22T09:29:48.856837+00:00
Lingampet,18.25,78.12,302.6,Clouds,broken clouds,72,1004,3.53,2024-08-22T09:29:49.023294+00:00
Lingapur,19.27,79.03,302.96,Clouds,overcast clouds,68,1004,2.71,2024-08-22T09:29:49.090006+00:00
Lokeshwaram,19.01,78.1,304.61,Clouds,broken clouds,64,1003,3.4,2024-08-22T09:29:49.151482+00:00
Luxettipet,18.92,79.24,304.91,Clouds,overcast clouds,67,1004,3.28,2024-08-22T09:29:49.254119+00:00
Machareddy,18.35,78.48,303.07,Clouds,overcast clouds,69,1004,4.38,2024-08-22T09:29:49.351112+00:00
Madanapur,16.39,77.87,302.04,Clouds,overcast clouds,71,1005,5.39,2024-08-22T09:29:49.431596+00:00
Maddirala,17.41,79.7,300.8,Rain,light rain,84,1005,1.23,2024-08-22T09:29:49.498449+00:00
Maddur,16.85,77.65,300.68,Rain,light rain,75,1006,4.95,2024-08-22T09:29:49.564050+00:00
Maddur,17.92,79.07,302.01,Clouds,overcast clouds,72,1005,4.1,2024-08-22T09:29:49.699119+00:00
Madgul,16.84,78.7,301.96,Rain,light rain,69,1005,6.15,2024-08-22T09:29:49.763971+00:00
Madhira,16.93,80.38,302.35,Rain,moderate rain,78,1005,3.03,2024-08-22T09:29:49.915094+00:00
Madnur,18.49,77.66,305.14,Clouds,broken clouds,61,1003,3.56,2024-08-22T09:29:50.079110+00:00
Madugulapally,16.98,79.47,304.05,Rain,moderate rain,67,1004,3.36,2024-08-22T09:29:50.155908+00:00
Maganoor,16.47,77.45,302.05,Clouds,overcast clouds,69,1005,6.17,2024-08-22T09:29:50.249407+00:00
Mahabubabad,17.61,79.99,299.84,Rain,light rain,88,1005,2.86,2024-08-22T09:29:50.348316+00:00
Mahabubnagar_Urban,16.75,78.02,299.98,Clouds,overcast clouds,77,1006,4.31,2024-08-22T09:29:50.413966+00:00
Mahadevpur,18.74,79.96,303.17,Rain,light rain,78,1004,3.3,2024-08-22T09:29:50.479198+00:00
Maheswaram,17.15,78.42,301.04,Mist,mist,78,1006,5.66,2024-08-22T09:29:50.576061+00:00
Makloor,18.76,78.15,304.22,Clouds,broken clouds,66,1004,3.15,2024-08-22T09:29:50.649301+00:00
Makthal,16.47,77.56,301.77,Clouds,overcast clouds,70,1005,5.85,2024-08-22T09:29:50.710715+00:00
Maldakal,16.12,77.71,302.98,Clouds,overcast clouds,62,1005,6.54,2024-08-22T09:29:50.776405+00:00
Malharrao,18.53,79.82,303.79,Clouds,overcast clouds,74,1004,3.6,2024-08-22T09:29:50.905413+00:00
Malkajgiri,17.46,78.53,302.09,Haze,haze,70,1005,5.14,2024-08-22T09:29:50.964314+00:00
Mallapur,18.96,78.71,304.16,Clouds,broken clouds,70,1004,3.08,2024-08-22T09:29:51.344073+00:00
Mallial,18.71,78.93,303.53,Clouds,overcast clouds,70,1004,3.38,2024-08-22T09:29:51.405367+00:00
Mamda,19.09,78.51,303.61,Clouds,broken clouds,71,1004,3.25,2024-08-22T09:29:51.506714+00:00
Manakondur,18.4,79.26,303.96,Clouds,overcast clouds,67,1004,4.58,2024-08-22T09:29:51.582706+00:00
Manchal,17.11,78.75,301.19,Clouds,overcast clouds,69,1005,6.29,2024-08-22T09:29:51.658522+00:00
Mancherial,18.88,79.45,304.86,Clouds,overcast clouds,67,1004,3.11,2024-08-22T09:29:51.717406+00:00
Mandamarri,18.95,79.49,304.78,Clouds,overcast clouds,67,1004,2.88,2024-08-22T09:29:51.805674+00:00
Mangapet,18.19,80.54,302.54,Clouds,overcast clouds,84,1005,2.88,2024-08-22T09:29:52.141279+00:00
Manoor,17.96,77.74,303.38,Clouds,broken clouds,63,1004,5.38,2024-08-22T09:29:52.203471+00:00
Manopad,15.98,77.95,303.87,Clouds,overcast clouds,58,1005,6.83,2024-08-22T09:29:52.550920+00:00
Manthani,18.65,79.7,304.44,Clouds,overcast clouds,70,1004,3.59,2024-08-22T09:29:52.624571+00:00
Manuguru,17.95,80.78,303.22,Clouds,overcast clouds,80,1004,2.96,2024-08-22T09:29:52.711531+00:00
Maredpally,17.44,78.52,302.09,Haze,haze,70,1005,5.14,2024-08-22T09:29:52.785181+00:00
Marikal,16.59,77.73,301.25,Rain,light rain,74,1005,4.93,2024-08-22T09:29:52.883233+00:00
Maripeda,17.4,79.87,300.78,Rain,moderate rain,83,1005,1.95,2024-08-22T09:29:52.945381+00:00
Markook,17.75,78.73,301.87,Clouds,overcast clouds,68,1005,4.32,2024-08-22T09:29:53.020155+00:00
Marpalle,17.54,77.79,300.72,Clouds,overcast clouds,73,1005,5.79,2024-08-22T09:29:53.123636+00:00
Marriguda,16.98,78.87,302.5,Clouds,overcast clouds,66,1005,6.22,2024-08-22T09:29:53.213363+00:00
Mattampalli,16.76,79.85,304.07,Rain,moderate rain,68,1004,2.45,2024-08-22T09:29:53.285336+00:00
Medak,18.04,78.29,302.22,Clouds,overcast clouds,72,1005,4.51,2024-08-22T09:29:53.350214+00:00
Medchal,17.64,78.48,301.75,Clouds,overcast clouds,66,1005,5.28,2024-08-22T09:29:53.419637+00:00
Medipalle,18.75,78.8,303.35,Clouds,overcast clouds,72,1004,3.12,2024-08-22T09:29:53.531734+00:00
Medipally,17.42,78.6,302.36,Haze,haze,70,1005,5.14,2024-08-22T09:29:53.596279+00:00
Mellachervu,16.83,79.95,302.73,Rain,moderate rain,75,1004,1.91,2024-08-22T09:29:53.657746+00:00
Mendora,18.96,78.4,304.09,Clouds,broken clouds,69,1004,3.34,2024-08-22T09:29:53.721996+00:00
Metpalli,18.81,78.61,303.57,Rain,light rain,71,1004,3.02,2024-08-22T09:29:53.796785+00:00
Midjil,16.76,78.3,300.55,Clouds,overcast clouds,74,1006,5.09,2024-08-22T09:29:53.861950+00:00
Mirdoddi,18.07,78.65,302.92,Clouds,overcast clouds,67,1005,5.2,2024-08-22T09:29:53.926458+00:00
Miryalaguda,16.87,79.58,304.56,Rain,heavy intensity rain,65,1004,3.12,2024-08-22T09:29:53.985407+00:00
Mogudampally,17.62,77.51,301.78,Clouds,overcast clouds,68,1005,5.9,2024-08-22T09:29:54.068038+00:00
Mogullapally,18.31,79.62,303.92,Rain,moderate rain,70,1004,4.36,2024-08-22T09:29:54.136005+00:00
Moinabad,17.32,78.27,301.34,Mist,mist,78,1006,5.66,2024-08-22T09:29:54.200566+00:00
Mominpet,17.51,77.9,300.39,Clouds,overcast clouds,76,1005,5.6,2024-08-22T09:29:54.258158+00:00
Moosapet,16.61,77.96,301.03,Clouds,overcast clouds,75,1006,4.49,2024-08-22T09:29:54.354838+00:00
Morthad,18.83,78.45,303.74,Clouds,broken clouds,70,1004,3.04,2024-08-22T09:29:54.451636+00:00
Motakondur,17.54,79.09,302.73,Clouds,overcast clouds,69,1004,4.03,2024-08-22T09:29:54.531273+00:00
Mothey,17.2,79.81,301.96,Rain,moderate rain,80,1004,1.43,2024-08-22T09:29:54.682566+00:00
Mothkur,17.42,79.26,302.86,Clouds,overcast clouds,69,1004,3.88,2024-08-22T09:29:54.754584+00:00
Mudhole,18.98,77.96,304.91,Rain,light rain,62,1003,3.35,2024-08-22T09:29:54.833555+00:00
Mudigonda,17.11,80.11,302.39,Rain,light rain,77,1005,2.62,2024-08-22T09:29:54.892538+00:00
Mugpal,18.56,78.11,303.73,Clouds,broken clouds,68,1004,3.91,2024-08-22T09:29:54.971825+00:00
Mulakalapally,17.49,80.84,303.51,Rain,moderate rain,75,1004,4,2024-08-22T09:29:55.096157+00:00
Mulug,18.14,79.97,302.08,Rain,heavy intensity rain,79,1005,3.97,2024-08-22T09:29:55.162376+00:00
Mulug,17.72,78.62,301.79,Clouds,overcast clouds,67,1005,4.77,2024-08-22T09:29:55.364772+00:00
Munagala,17.06,79.82,302.26,Rain,moderate rain,79,1004,1.15,2024-08-22T09:29:55.426138+00:00
Munipally,17.71,77.85,302.15,Clouds,overcast clouds,67,1005,5.92,2024-08-22T09:29:55.492238+00:00
Munugode,17.09,79.05,304.06,Clouds,overcast clouds,63,1005,5.47,2024-08-22T09:29:55.587752+00:00
Mupkal,18.91,78.38,304.02,Clouds,broken clouds,69,1004,3.23,2024-08-22T09:29:55.668204+00:00
Musheerabad,17.42,78.5,302.23,Haze,haze,70,1005,5.14,2024-08-22T09:29:55.771327+00:00
Mustabad,18.29,78.7,303.92,Clouds,overcast clouds,66,1004,4.99,2024-08-22T09:29:55.832975+00:00
Mutharam_Mahadevpur,18.52,80.11,302.83,Rain,light rain,82,1004,2.92,2024-08-22T09:29:55.903184+00:00
Mutharam_Manthani,18.53,79.64,304.11,Clouds,overcast clouds,70,1004,3.86,2024-08-22T09:29:55.994470+00:00
Nadigudem,17.1,79.88,302.09,Rain,light rain,79,1004,1.51,2024-08-22T09:29:56.082889+00:00
Nagalgidda,18.05,77.63,303.55,Clouds,broken clouds,62,1004,5.06,2024-08-22T09:29:56.165200+00:00
Nagaram,17.4,79.48,301.7,Clouds,overcast clouds,78,1005,2.43,2024-08-22T09:29:56.231867+00:00
Nagi_Reddypet,18.12,78.1,302.71,Clouds,overcast clouds,71,1004,3.96,2024-08-22T09:29:56.296913+00:00
Nakrekal,17.17,79.43,303.09,Rain,light rain,70,1004,3.42,2024-08-22T09:29:56.417117+00:00
Nalgonda,17.06,79.25,303.51,Rain,light rain,63,1004,4.55,2024-08-22T09:29:56.486066+00:00
Nallabelli,18.06,79.92,301.31,Rain,heavy intensity rain,81,1005,3.87,2024-08-22T09:29:56.590163+00:00
Nampally,17.39,78.47,302.32,Haze,haze,70,1005,5.66,2024-08-22T09:29:56.738344+00:00
Nampally,16.86,78.95,303.56,Clouds,overcast clouds,63,1005,6.27,2024-08-22T09:29:56.899196+00:00
Nandigama,17.13,78.24,301.25,Clouds,overcast clouds,75,1006,5.72,2024-08-22T09:29:57.060892+00:00
Nandipet,18.92,78.17,304.42,Clouds,broken clouds,66,1004,3.3,2024-08-22T09:29:57.138359+00:00
Nangnoor,18.07,79.01,302.67,Clouds,overcast clouds,70,1004,4.56,2024-08-22T09:29:57.293149+00:00
Narayanapoor,17.15,78.88,302.72,Clouds,overcast clouds,66,1005,5.88,2024-08-22T09:29:57.362376+00:00
Narayankhed,18.06,77.78,303.76,Clouds,broken clouds,63,1004,4.75,2024-08-22T09:29:57.425973+00:00
Narayanpet,16.74,77.57,300.82,Rain,light rain,75,1006,5.2,2024-08-22T09:29:57.614014+00:00
Narketpally,17.23,79.22,303.54,Clouds,overcast clouds,65,1005,4.6,2024-08-22T09:29:57.721634+00:00
Narmetta,17.87,79.16,301.56,Clouds,overcast clouds,73,1005,3.76,2024-08-22T09:29:57.822956+00:00
Narnoor,19.5,78.85,302.62,Clouds,overcast clouds,71,1004,2.91,2024-08-22T09:29:58.183068+00:00
Narsampet,17.95,79.88,300.72,Rain,moderate rain,84,1005,3.59,2024-08-22T09:29:58.246317+00:00
Narsapur,17.76,78.26,302.05,Clouds,overcast clouds,72,1005,4.93,2024-08-22T09:29:58.307325+00:00
Narsapur_G,19.13,78.16,303.8,Rain,moderate rain,68,1004,3.65,2024-08-22T09:29:58.394621+00:00
Narsimhulapet,17.5,79.81,300.15,Rain,light rain,87,1005,1.42,2024-08-22T09:29:58.476258+00:00
Narsingi,18.05,78.44,302.1,Clouds,overcast clouds,69,1005,4.97,2024-08-22T09:29:58.638680+00:00
Narva,16.47,77.67,301.74,Clouds,overcast clouds,72,1005,5.49,2024-08-22T09:29:58.750003+00:00
Naspur,18.86,79.49,304.81,Clouds,overcast clouds,67,1004,3.12,2024-08-22T09:29:58.824727+00:00
Nasurullabad,18.46,77.89,304.13,Clouds,broken clouds,67,1004,3.54,2024-08-22T09:29:58.891983+00:00
Navipet,18.83,78.02,304.75,Clouds,broken clouds,64,1003,3.39,2024-08-22T09:29:58.960665+00:00
Nawabpet,16.9,78.02,299.67,Clouds,overcast clouds,77,1006,4.96,2024-08-22T09:29:59.046272+00:00
Nawabpet,17.42,77.98,300.01,Clouds,overcast clouds,77,1006,5.49,2024-08-22T09:29:59.156339+00:00
Nekkonda,17.78,79.82,299.98,Clouds,overcast clouds,87,1005,3.27,2024-08-22T09:29:59.285552+00:00
Nelakondapally,17.09,80.05,302.09,Rain,light rain,78,1005,2.21,2024-08-22T09:29:59.370452+00:00
Nellikudur,17.61,79.8,300.09,Clouds,overcast clouds,87,1005,2.16,2024-08-22T09:29:59.536089+00:00
Nennel,19.02,79.64,304.4,Clouds,overcast clouds,70,1004,2.54,2024-08-22T09:29:59.698573+00:00
Neradigonda,19.27,78.41,302.87,Clouds,broken clouds,71,1004,3.32,2024-08-22T09:29:59.786373+00:00
Nereducherla,16.91,79.67,303.89,Rain,moderate rain,70,1004,2.19,2024-08-22T09:30:00.190613+00:00
Neredugommu,16.57,79.03,303.9,Rain,moderate rain,64,1005,5.61,2024-08-22T09:30:00.610582+00:00
Nidamanoor,16.83,79.39,304.99,Rain,heavy intensity rain,60,1004,4.62,2024-08-22T09:30:00.913959+00:00
Nirmal,19.1,78.35,303.87,Clouds,broken clouds,69,1004,3.51,2024-08-22T09:30:01.083936+00:00
Nirmal Rural,19.1,78.36,303.84,Clouds,broken clouds,69,1004,3.5,2024-08-22T09:30:01.256823+00:00
Nizamabad North,18.69,78.09,303.9,Clouds,broken clouds,69,1003,3.31,2024-08-22T09:30:01.328980+00:00
Nizamabad Rural,18.67,78.06,303.6,Clouds,broken clouds,69,1003,3.39,2024-08-22T09:30:01.446998+00:00
Nizamabad South,18.67,78.09,303.8,Clouds,broken clouds,69,1003,3.38,2024-08-22T09:30:01.544823+00:00
Nizampet,18.12,78.53,302.53,Clouds,overcast clouds,70,1004,5.09,2024-08-22T09:30:02.026465+00:00
Nizamsagar,18.23,77.93,302.96,Rain,light rain,72,1004,3.7,2024-08-22T09:30:02.797918+00:00
Noothankal,17.33,79.71,301.53,Rain,moderate rain,80,1004,1.21,2024-08-22T09:30:03.379067+00:00
Nyalkal,17.85,77.62,301.26,Clouds,overcast clouds,71,1005,5.81,2024-08-22T09:30:03.978361+00:00
Odela,18.45,79.45,303.15,Clouds,overcast clouds,73,1004,3.55,2024-08-22T09:30:04.388789+00:00
Padara,16.33,79.06,303.05,Clouds,overcast clouds,62,1005,5.12,2024-08-22T09:30:04.552573+00:00
Palakeedu,16.76,79.72,304.05,Rain,moderate rain,68,1004,2.53,2024-08-22T09:30:04.660569+00:00
Palakurthy,17.65,79.44,301.22,Clouds,overcast clouds,81,1004,2.68,2024-08-22T09:30:04.788051+00:00
Palakurthy,18.74,79.37,303.22,Clouds,overcast clouds,73,1004,3.31,2024-08-22T09:30:04.856072+00:00
Palmela,18.65,80.23,301.32,Clouds,overcast clouds,90,1004,2.3,2024-08-22T09:30:04.936379+00:00
Palvancha,17.71,80.69,301.71,Rain,light rain,85,1005,2.47,2024-08-22T09:30:05.125735+00:00
Pangal,16.25,78.13,301.57,Clouds,overcast clouds,68,1005,5.53,2024-08-22T09:30:05.917081+00:00
Papannapet,18.04,78.11,302.32,Clouds,overcast clouds,72,1004,4.79,2024-08-22T09:30:06.232677+00:00
Pargi,17.17,77.88,299.84,Clouds,overcast clouds,78,1005,5.05,2024-08-22T09:30:06.312088+00:00
Parkal,18.2,79.69,301.51,Rain,heavy intensity rain,81,1004,3.91,2024-08-22T09:30:06.440100+00:00
Parvathagiri,17.77,79.72,299.57,Clouds,overcast clouds,89,1005,2.59,2024-08-22T09:30:06.529457+00:00
Patancheruvu,17.55,78.22,302.21,Clouds,overcast clouds,72,1005,5.41,2024-08-22T09:30:06.688933+00:00
Pebbair,16.15,77.99,303.61,Clouds,overcast clouds,63,1005,5.37,2024-08-22T09:30:06.763203+00:00
Peda Adisharla Palli,16.63,79.15,304.34,Rain,moderate rain,61,1005,5.39,2024-08-22T09:30:07.147030+00:00
Pedda Kodapgal,18.29,77.73,303.06,Clouds,broken clouds,68,1004,3.94,2024-08-22T09:30:07.240051+00:00
Peddakothapalle,16.26,78.37,301.01,Clouds,overcast clouds,74,1005,4.99,2024-08-22T09:30:07.324288+00:00
Peddamandaddi,16.45,78.02,301.5,Clouds,overcast clouds,73,1005,5.13,2024-08-22T09:30:08.084487+00:00
Peddapalli,18.62,79.4,303.09,Clouds,overcast clouds,73,1004,3.3,2024-08-22T09:30:08.170026+00:00
Peddavangara,17.55,79.58,301.08,Clouds,overcast clouds,82,1004,2.1,2024-08-22T09:30:08.277489+00:00
Peddavoora,16.7,79.23,304.54,Rain,moderate rain,60,1004,5.7,2024-08-22T09:30:08.420122+00:00
Peddemul,17.36,77.63,300.85,Rain,light rain,76,1005,4.86,2024-08-22T09:30:08.497351+00:00
Pegadapalli,18.7,79.07,303.31,Clouds,overcast clouds,72,1004,3,2024-08-22T09:30:08.580499+00:00
Pembi,19.22,78.62,304.14,Clouds,overcast clouds,72,1004,2.46,2024-08-22T09:30:08.658224+00:00
Penchikalpet,19.29,79.8,302.02,Clouds,overcast clouds,84,1003,2.24,2024-08-22T09:30:08.782532+00:00
Penpahad,17.03,79.69,302.8,Rain,moderate rain,74,1004,2.16,2024-08-22T09:30:08.913050+00:00
Pentlavelli,16.06,78.24,303.21,Clouds,overcast clouds,64,1005,4.69,2024-08-22T09:30:08.997929+00:00
Penuballi,17.22,80.68,302.64,Rain,moderate rain,77,1005,3.81,2024-08-22T09:30:09.114788+00:00
Pinapaka,18.05,80.68,302.5,Clouds,overcast clouds,83,1005,2.6,2024-08-22T09:30:09.198227+00:00
Pudur,17.24,77.99,300.94,Clouds,overcast clouds,76,1005,5.72,2024-08-22T09:30:09.321216+00:00
Pulkal,17.75,77.99,302.18,Clouds,overcast clouds,68,1005,6.16,2024-08-22T09:30:09.389836+00:00
Quthbullapur,17.52,78.44,301.86,Haze,haze,70,1005,5.14,2024-08-22T09:30:09.501917+00:00
Raghunadhapalem,17.32,80.23,300.89,Rain,moderate rain,83,1004,2.72,2024-08-22T09:30:09.702209+00:00
Ragunathpally,17.77,79.27,301.55,Clouds,overcast clouds,78,1004,2.93,2024-08-22T09:30:09.779654+00:00
Raikal,18.95,78.84,303.94,Clouds,overcast clouds,70,1004,2.42,2024-08-22T09:30:09.911854+00:00
Raikode,17.84,77.78,301.85,Clouds,overcast clouds,69,1004,5.97,2024-08-22T09:30:09.985343+00:00
Raiparthy,17.68,79.6,300.41,Clouds,overcast clouds,86,1004,2.41,2024-08-22T09:30:10.139440+00:00
Raipole,17.91,78.62,301.61,Clouds,overcast clouds,71,1005,4.74,2024-08-22T09:30:10.214395+00:00
Rajampet,18.21,78.29,301.49,Clouds,overcast clouds,75,1004,4.28,2024-08-22T09:30:10.280256+00:00
Rajapeta,17.74,78.93,301.44,Clouds,overcast clouds,75,1004,3.59,2024-08-22T09:30:10.347218+00:00
Rajapur,16.88,78.16,301.47,Clouds,overcast clouds,78,1006,4.35,2024-08-22T09:30:10.415367+00:00
Rajendranagar,17.32,78.42,301.57,Mist,mist,78,1005,5.66,2024-08-22T09:30:10.469395+00:00
Rajoli,15.91,77.75,304.87,Clouds,overcast clouds,55,1004,6.15,2024-08-22T09:30:10.603024+00:00
Ramachandrapuram,17.47,78.26,302.03,Clouds,overcast clouds,73,1005,5.24,2024-08-22T09:30:10.667377+00:00
Ramadugu,18.56,79.07,303.24,Clouds,overcast clouds,70,1004,3.07,2024-08-22T09:30:10.740345+00:00
Ramagiri,18.64,79.56,302.89,Clouds,overcast clouds,75,1004,3.19,2024-08-22T09:30:10.824246+00:00
Ramagundam,18.76,79.48,303.25,Clouds,overcast clouds,75,1004,3.16,2024-08-22T09:30:10.895235+00:00
Ramannapet,17.31,79.12,302.99,Clouds,overcast clouds,68,1004,4.88,2024-08-22T09:30:11.051469+00:00
Ramareddy,18.42,78.4,301.87,Clouds,overcast clouds,76,1004,3.95,2024-08-22T09:30:11.122642+00:00
Ramayampet,18.11,78.42,301.84,Clouds,overcast clouds,71,1004,4.99,2024-08-22T09:30:11.217623+00:00
Rebbena,19.26,79.44,303.68,Clouds,overcast clouds,73,1003,2.67,2024-08-22T09:30:11.298273+00:00
Regode,17.96,77.85,302.13,Clouds,overcast clouds,70,1004,5.38,2024-08-22T09:30:11.692964+00:00
Regonda,18.25,79.78,301.36,Rain,moderate rain,82,1004,4.05,2024-08-22T09:30:11.793508+00:00
Renjal,18.77,77.94,304.53,Clouds,broken clouds,66,1003,3.27,2024-08-22T09:30:11.865012+00:00
Revally,16.36,78.25,300.53,Clouds,overcast clouds,73,1005,5.16,2024-08-22T09:30:11.958576+00:00
Rudrangi,18.63,78.65,301.94,Clouds,overcast clouds,73,1004,2.83,2024-08-22T09:30:12.117579+00:00
Rudrur,18.58,77.87,304.62,Clouds,broken clouds,65,1003,3.59,2024-08-22T09:30:12.196262+00:00
Sadashivnagar,18.43,78.23,302.04,Clouds,overcast clouds,73,1004,4.16,2024-08-22T09:30:12.293728+00:00
Sadasivpet,17.65,77.95,301.8,Clouds,overcast clouds,70,1005,5.99,2024-08-22T09:30:12.468810+00:00
Saidabad,17.36,78.51,302.31,Haze,haze,70,1005,5.66,2024-08-22T09:30:12.553973+00:00
Sangareddy,17.62,78.1,302.34,Clouds,overcast clouds,71,1005,5.79,2024-08-22T09:30:12.653944+00:00
Sangem,17.88,79.71,299.85,Rain,light rain,88,1004,2.62,2024-08-22T09:30:12.717941+00:00
Sarangapur,18.93,78.94,303.47,Clouds,overcast clouds,71,1004,2.59,2024-08-22T09:30:12.786199+00:00
Sarangapur,19.21,78.26,303.83,Rain,light rain,69,1004,2.81,2024-08-22T09:30:12.857196+00:00
Sathupally,17.23,80.83,302.47,Rain,moderate rain,76,1005,4.43,2024-08-22T09:30:12.927305+00:00
Secunderabad,17.44,78.49,302.18,Haze,haze,70,1005,5.14,2024-08-22T09:30:13.186229+00:00
Serilingampalle,17.46,78.35,301.69,Haze,haze,70,1005,5.14,2024-08-22T09:30:13.257181+00:00
Shabad,17.18,78.14,301.16,Clouds,overcast clouds,76,1006,5.27,2024-08-22T09:30:13.322497+00:00
Shaikpet,17.41,78.42,301.97,Haze,haze,70,1005,5.66,2024-08-22T09:30:13.426811+00:00
Shaligouraram,17.29,79.39,303.33,Clouds,overcast clouds,69,1004,3.73,2024-08-22T09:30:13.510895+00:00
Shamirpet,17.61,78.58,302.07,Clouds,overcast clouds,74,1005,4.97,2024-08-22T09:30:13.601437+00:00
Shamshabad,17.23,78.35,301.37,Mist,mist,78,1005,5.66,2024-08-22T09:30:13.690236+00:00
Shankarampet_A,18.06,77.93,302.66,Clouds,overcast clouds,71,1004,4.66,2024-08-22T09:30:13.799485+00:00
Shankarapatnam,18.31,79.33,302.94,Rain,light rain,70,1004,4.03,2024-08-22T09:30:13.923845+00:00
Shankarpalle,17.43,78.15,301.95,Clouds,overcast clouds,73,1005,5.49,2024-08-22T09:30:14.014415+00:00
Shayampet,18.14,79.76,300.94,Rain,heavy intensity rain,84,1004,3.56,2024-08-22T09:30:14.104611+00:00
Shivampet,17.8,78.38,302.03,Clouds,overcast clouds,73,1005,5.46,2024-08-22T09:30:14.212560+00:00
Siddipet_Rural,18.15,78.77,302.65,Clouds,overcast clouds,68,1004,4.65,2024-08-22T09:30:14.282698+00:00
Siddipet_Urban,18.09,78.86,302.34,Clouds,overcast clouds,70,1004,4.22,2024-08-22T09:30:14.347981+00:00
Singareni,17.5,80.32,299.58,Rain,moderate rain,90,1005,2.92,2024-08-22T09:30:14.425557+00:00
Sircilla,18.4,78.79,303.8,Clouds,overcast clouds,69,1004,3.99,2024-08-22T09:30:14.519390+00:00
Sirgapoor,18.14,77.72,302.57,Clouds,broken clouds,69,1004,4.65,2024-08-22T09:30:14.661822+00:00
Sirikonda,19.37,78.6,303.17,Clouds,overcast clouds,72,1004,2.79,2024-08-22T09:30:14.725254+00:00
Sirikonda,18.55,78.49,301.95,Clouds,overcast clouds,78,1004,3.25,2024-08-22T09:30:14.793123+00:00
Sirpur_T,19.47,79.58,303.41,Clouds,overcast clouds,76,1003,2.39,2024-08-22T09:30:14.929499+00:00
Sirpur_U,19.34,78.97,302,Clouds,overcast clouds,73,1004,2.96,2024-08-22T09:30:15.075273+00:00
Soan,19.01,78.35,304.47,Clouds,broken clouds,67,1003,2.64,2024-08-22T09:30:15.156976+00:00
Srirampur,18.5,79.52,303.36,Clouds,overcast clouds,73,1004,3.34,2024-08-22T09:30:15.527742+00:00
Srirangapur,16.19,78.04,303.14,Clouds,overcast clouds,65,1005,5.44,2024-08-22T09:30:15.677673+00:00
Sujathanagar,17.49,80.58,301.52,Rain,light rain,84,1004,3.02,2024-08-22T09:30:15.748886+00:00
Sultanabad,18.51,79.32,303.05,Clouds,overcast clouds,73,1004,3.38,2024-08-22T09:30:15.898449+00:00
Suryapet,17.18,79.59,302.94,Rain,light rain,73,1004,2.74,2024-08-22T09:30:16.009122+00:00
Tadoor,16.58,78.35,300.48,Clouds,overcast clouds,75,1005,4.68,2024-08-22T09:30:16.103391+00:00
Tadvai (Sammakka Sarakka),18.17,80.29,300.89,Rain,light rain,86,1004,2.42,2024-08-22T09:30:16.183817+00:00
Tadwai,18.31,78.24,301.4,Clouds,overcast clouds,75,1004,4.04,2024-08-22T09:30:16.276895+00:00
Talakondapally,16.86,78.42,301.55,Clouds,overcast clouds,75,1006,4.8,2024-08-22T09:30:16.390901+00:00
Talamadugu,19.63,78.38,303.73,Rain,heavy intensity rain,70,1003,2.75,2024-08-22T09:30:16.460305+00:00
Tamsi,19.71,78.44,304.13,Rain,heavy intensity rain,69,1003,2.47,2024-08-22T09:30:16.564524+00:00
Tandur,19.16,79.46,303.48,Clouds,overcast clouds,72,1003,3.04,2024-08-22T09:30:16.637613+00:00
Tandur,17.3,77.54,301.19,Rain,light rain,76,1005,4.46,2024-08-22T09:30:16.703667+00:00
Tanoor,19.03,77.84,304.87,Rain,light rain,61,1003,2.79,2024-08-22T09:30:17.181132+00:00
Tekmal,17.97,78.02,302.22,Clouds,overcast clouds,71,1004,5.02,2024-08-22T09:30:17.249476+00:00
Tekulapalle,17.64,80.49,300.48,Rain,light rain,87,1005,2.48,2024-08-22T09:30:17.367002+00:00
Tekumatla,18.42,79.62,302.9,Clouds,overcast clouds,76,1004,3.73,2024-08-22T09:30:17.703375+00:00
Telkapalle,16.42,78.44,300.54,Clouds,overcast clouds,75,1005,4.67,2024-08-22T09:30:17.769447+00:00
Thallada,17.21,80.44,302.21,Rain,light rain,79,1005,2.98,2024-08-22T09:30:17.896369+00:00
Thangallapalli,18.34,78.83,303.83,Clouds,overcast clouds,68,1004,4.25,2024-08-22T09:30:17.976604+00:00
Tharigoppula,17.95,79.18,300.89,Rain,light rain,78,1004,3.04,2024-08-22T09:30:18.117384+00:00
Thimmajipeta,16.66,78.22,300.24,Clouds,overcast clouds,76,1005,4.54,2024-08-22T09:30:18.261404+00:00
Thimmapur,18.32,79.18,303.56,Clouds,overcast clouds,68,1004,3.94,2024-08-22T09:30:18.370578+00:00
Thoguta,18.01,78.74,302.18,Clouds,overcast clouds,70,1004,4.34,2024-08-22T09:30:18.443650+00:00
Thorrur,17.58,79.67,300.4,Clouds,overcast clouds,85,1004,1.78,2024-08-22T09:30:18.512897+00:00
Thungathurthy,17.42,79.6,301.62,Rain,light rain,79,1004,1.82,2024-08-22T09:30:18.621557+00:00
Tipparthy,17.04,79.4,304.12,Rain,light rain,65,1004,4.75,2024-08-22T09:30:18.821198+00:00
Tirumalagiri,17.48,79.48,301.94,Clouds,overcast clouds,77,1004,2.82,2024-08-22T09:30:18.937841+00:00
Tirumalagiri_Sagar,16.68,79.37,304.6,Rain,heavy intensity rain,60,1004,5.2,2024-08-22T09:30:19.016724+00:00
Tirumalayapalem,17.33,79.94,300.7,Rain,moderate rain,84,1004,1.14,2024-08-22T09:30:19.367425+00:00
Tirumalgiri,17.46,78.49,302.12,Haze,haze,70,1005,5.14,2024-08-22T09:30:19.443340+00:00
Tiryani,19.19,79.2,302.97,Clouds,overcast clouds,72,1004,2.75,2024-08-22T09:30:19.815674+00:00
Tripuraram,16.82,79.47,304.97,Rain,heavy intensity rain,61,1004,5.11,2024-08-22T09:30:19.945179+00:00
Turkapalle_M,17.66,78.82,302.09,Clouds,overcast clouds,74,1005,4.14,2024-08-22T09:30:20.094107+00:00
Undavelly,15.95,78.01,304.05,Clouds,overcast clouds,58,1004,4.8,2024-08-22T09:30:20.171527+00:00
Uppal,17.41,78.56,302.43,Haze,haze,70,1005,5.14,2024-08-22T09:30:20.257049+00:00
Uppunuthala,16.49,78.63,301.36,Rain,moderate rain,72,1005,4.72,2024-08-22T09:30:20.617846+00:00
Urkonda,16.73,78.4,300.52,Clouds,overcast clouds,74,1005,4.57,2024-08-22T09:30:20.696028+00:00
Utnur,19.37,78.77,302.99,Clouds,overcast clouds,73,1004,2.83,2024-08-22T09:30:20.775608+00:00
V_Saidapur,18.2,79.31,302.94,Rain,heavy intensity rain,71,1004,3.88,2024-08-22T09:30:20.853259+00:00
Vailpur,18.77,78.39,303.82,Clouds,overcast clouds,70,1003,2.78,2024-08-22T09:30:20.995944+00:00
Valigonda,17.39,79.04,302.56,Clouds,overcast clouds,70,1004,4.78,2024-08-22T09:30:21.081039+00:00
Vangoor,16.58,78.6,301.19,Rain,light rain,71,1005,4.78,2024-08-22T09:30:21.166855+00:00
Varni,18.51,77.95,304.03,Clouds,broken clouds,67,1003,3.76,2024-08-22T09:30:21.254375+00:00
Vatpally,17.88,77.9,302,Clouds,overcast clouds,69,1004,5.62,2024-08-22T09:30:21.330479+00:00
Veenavanka,18.37,79.4,303.28,Rain,light rain,72,1004,3.86,2024-08-22T09:30:21.409156+00:00
Veernapalli,18.49,78.59,302.19,Clouds,overcast clouds,76,1004,3.46,2024-08-22T09:30:21.767660+00:00
Velair,17.99,79.32,300.83,Rain,moderate rain,81,1004,2.62,2024-08-22T09:30:21.859378+00:00
Veldanda,16.75,78.56,300.97,Rain,light rain,71,1005,4.91,2024-08-22T09:30:21.986088+00:00
Velgatur,18.81,79.2,303.77,Clouds,overcast clouds,72,1004,3.28,2024-08-22T09:30:22.345357+00:00
Vemanpalle,19.09,79.81,302.71,Clouds,overcast clouds,82,1004,2.69,2024-08-22T09:30:22.430174+00:00
Vemsoor,17.11,80.77,302.32,Rain,heavy intensity rain,77,1005,3.88,2024-08-22T09:30:22.501194+00:00
Vemulapally,16.98,79.56,303.92,Rain,moderate rain,68,1004,3.66,2024-08-22T09:30:22.638113+00:00
Vemulawada,18.47,78.86,303.65,Clouds,overcast clouds,69,1004,3.41,2024-08-22T09:30:22.753187+00:00
Vemulawada Rural,18.52,78.85,303.36,Clouds,overcast clouds,70,1004,3.18,2024-08-22T09:30:22.813740+00:00
Venkatapur,18.3,80.0,301.26,Rain,moderate rain,85,1004,3.48,2024-08-22T09:30:22.897342+00:00
Venkatapuram,18.3,80.65,299.75,Clouds,overcast clouds,86,1005,2.23,2024-08-22T09:30:23.243940+00:00
Vikarabad,17.34,77.9,300.09,Clouds,overcast clouds,75,1005,5.52,2024-08-22T09:30:23.302319+00:00
Waddepally,15.97,77.82,304.38,Clouds,overcast clouds,57,1004,5.6,2024-08-22T09:30:23.460489+00:00
Wanaparthy,16.34,78.05,301.8,Clouds,overcast clouds,69,1005,5.42,2024-08-22T09:30:23.633902+00:00
Wankidi,19.5,79.31,304.11,Clouds,overcast clouds,70,1004,2.01,2024-08-22T09:30:23.748232+00:00
Warangal,18.01,79.62,300.34,Rain,heavy intensity rain,85,1004,2.65,2024-08-22T09:30:23.835252+00:00
Wardhannapet,17.77,79.58,300.17,Clouds,overcast clouds,87,1004,2.68,2024-08-22T09:30:23.954534+00:00
Wargal,17.79,78.59,301.94,Clouds,overcast clouds,75,1005,4.69,2024-08-22T09:30:24.048449+00:00
Weepangandla,16.14,78.14,302.8,Clouds,overcast clouds,65,1005,5.09,2024-08-22T09:30:24.134711+00:00
Wyra,17.12,80.37,302,Rain,light rain,79,1004,2.73,2024-08-22T09:30:24.239420+00:00
Yacharam,17.03,78.66,301.44,Clouds,overcast clouds,73,1005,5.61,2024-08-22T09:30:24.365491+00:00
Yadagirigutta,17.61,78.96,301.63,Clouds,overcast clouds,73,1004,4.14,2024-08-22T09:30:24.452748+00:00
Yedapally,18.68,77.99,304.05,Clouds,broken clouds,68,1003,3.39,2024-08-22T09:30:24.811082+00:00
Yelal,17.21,77.64,300.81,Rain,moderate rain,77,1005,4.58,2024-08-22T09:30:25.200231+00:00
Yeldurthy,17.91,78.33,302.03,Clouds,overcast clouds,71,1004,5.4,2024-08-22T09:30:25.274895+00:00
Yellandu,17.66,80.32,299.28,Rain,light rain,90,1005,2.44,2024-08-22T09:30:25.370893+00:00
Yellareddy,18.22,78.02,302.62,Rain,light rain,73,1004,3.66,2024-08-22T09:30:25.516006+00:00
Yellareddypet,18.4,78.66,303.25,Clouds,overcast clouds,72,1004,4.03,2024-08-22T09:30:25.590734+00:00
Yergatla,18.92,78.48,304.08,Clouds,broken clouds,69,1003,2.44,2024-08-22T09:30:25.677360+00:00
Yerrupalem,16.87,80.52,301.73,Rain,moderate rain,82,1005,2.95,2024-08-22T09:30:25.742132+00:00
Zaffergadh,17.8,79.46,300.56,Clouds,overcast clouds,84,1004,2.62,2024-08-22T09:30:25.838188+00:00
Zahirabad,17.67,77.59,300.56,Clouds,overcast clouds,73,1005,5.74,2024-08-22T09:30:25.899868+00:00
Lingal,16.27,78.51,300.3,Clouds,overcast clouds,77,1006,4.66,2024-08-22T09:30:26.062884+00:00
Nagar_Kurnool,16.45,78.32,300.47,Clouds,overcast clouds,75,1005,4.89,2024-08-22T09:30:26.132893+00:00
Mahabubnagar_Rural,16.7,77.92,300.53,Clouds,overcast clouds,78,1005,4.61,2024-08-22T09:30:26.192945+00:00
Utkoor,16.64,77.53,301.99,Clouds,overcast clouds,70,1005,5.78,2024-08-22T09:30:26.395421+00:00
Saroornagar,17.36,78.54,302.39,Haze,haze,70,1005,5.66,2024-08-22T09:30:26.508360+00:00
Ameenpur,17.54,78.31,302.06,Haze,haze,70,1005,5.14,2024-08-22T09:30:26.918841+00:00
Jinnaram,17.61,78.32,301.99,Clouds,overcast clouds,72,1005,5.41,2024-08-22T09:30:27.001900+00:00
Toopran,17.85,78.49,302.21,Clouds,overcast clouds,73,1005,5.33,2024-08-22T09:30:27.368173+00:00
Manoharabad,17.75,78.47,301.81,Clouds,overcast clouds,76,1005,5.29,2024-08-22T09:30:27.453777+00:00
Doultabad,17.97,78.58,302.01,Clouds,overcast clouds,69,1004,5.07,2024-08-22T09:30:27.533350+00:00
Chilipched,17.86,78.12,302.13,Clouds,overcast clouds,70,1004,5.56,2024-08-22T09:30:27.658195+00:00
Shankarampet_R,17.99,78.39,302.32,Clouds,overcast clouds,69,1004,5.37,2024-08-22T09:30:27.840374+00:00
Chegunta,17.99,78.51,302.06,Clouds,overcast clouds,68,1004,5.48,2024-08-22T09:30:27.987702+00:00
Domakonda,18.26,78.45,302.14,Clouds,overcast clouds,73,1004,4.53,2024-08-22T09:30:28.068541+00:00
Pitlam,18.27,77.82,303.12,Clouds,broken clouds,70,1004,3.8,2024-08-22T09:30:28.248911+00:00
Bichkunda,18.39,77.75,304.4,Clouds,broken clouds,65,1003,3.72,2024-08-22T09:30:28.650349+00:00
Birkoor,18.45,77.81,304.59,Clouds,broken clouds,65,1003,3.66,2024-08-22T09:30:28.711749+00:00
Mavala,19.64,78.51,303.97,Rain,heavy intensity rain,70,1003,2.69,2024-08-22T09:30:28.817250+00:00
Anthergaon,18.8,79.39,303.56,Clouds,overcast clouds,73,1004,3.32,2024-08-22T09:30:28.887813+00:00
Wazeed,18.5,80.51,301.16,Clouds,overcast clouds,86,1004,2.79,2024-08-22T09:30:29.059440+00:00
Kammarpally,18.77,78.54,303.33,Rain,light rain,71,1004,2.49,2024-08-22T09:30:29.146011+00:00
Kodakandla,17.54,79.47,301.73,Clouds,overcast clouds,78,1004,2.77,2024-08-22T09:30:29.299747+00:00
Krishna,16.43,77.35,302.89,Clouds,overcast clouds,64,1005,6.38,2024-08-22T09:30:29.363791+00:00
Kotapalle,18.95,79.85,302.67,Clouds,overcast clouds,82,1004,2.97,2024-08-22T09:30:29.739754+00:00
Nadikuda,18.2,79.63,301.8,Rain,heavy intensity rain,79,1004,3.96,2024-08-22T09:30:29.816205+00:00
Muduchinthalaphally,17.64,78.67,302.15,Clouds,overcast clouds,75,1005,4.61,2024-08-22T09:30:29.904221+00:00
Narayanraopet,18.22,78.8,303.25,Clouds,overcast clouds,67,1004,4.78,2024-08-22T09:30:30.083413+00:00
Mosra,18.58,77.99,303.91,Clouds,broken clouds,68,1003,3.63,2024-08-22T09:30:30.203254+00:00
Chandur,18.55,77.98,303.98,Clouds,broken clouds,68,1003,3.7,2024-08-22T09:30:30.272068+00:00
Chowtakur,17.71,78.1,302.33,Clouds,overcast clouds,70,1005,5.96,2024-08-22T09:30:30.383284+00:00
Masaipet,17.91,78.46,301.95,Clouds,overcast clouds,71,1005,5.39,2024-08-22T09:30:30.448416+00:00
Dhoolumitta,17.99,79.09,301.47,Clouds,overcast clouds,77,1004,3.32,2024-08-22T09:30:30.587689+00:00
